time,data
1729199931.0280845, It will be 4 days later
1728768319.978984, I went to amsterdam
1728681959.6857176, I played roblox
1728425502.2183619, I ate miso soup
1727647967.154778, I took my first pill of estrogen
1727561737.9969816, I got the first GNRH injection