time,data
1729199931.0280845, It will be 4 days later
1728768319.978984, I went to amsterdam
1728681959.6857176, I played roblox
1728425502.2183619, I ate miso soup
